{"stats":{"minecraft:used":{"minecraft:warped_stem":23,"minecraft:sea_lantern":4,"minecraft:black_concrete":25,"minecraft:flint_and_steel":53,"minecraft:command_block":9,"minecraft:cut_red_sandstone_slab":4,"minecraft:lantern":3,"minecraft:grass_block":1,"minecraft:dark_oak_sign":2,"minecraft:warped_nylium":2,"minecraft:sandstone":41,"minecraft:stone":4,"minecraft:structure_block":8,"minecraft:smooth_sandstone_stairs":9,"minecraft:netherrack":5,"minecraft:torch":4,"minecraft:dirt":3,"minecraft:cobblestone":42,"minecraft:purple_bed":1,"minecraft:sandstone_slab":6,"minecraft:repeating_command_block":5,"minecraft:egg":40,"minecraft:golden_pickaxe":315,"minecraft:obsidian":533},"minecraft:mined":{"minecraft:purple_bed":1,"minecraft:warped_nylium":168,"minecraft:fire":2,"minecraft:black_concrete":1,"minecraft:warped_roots":40,"minecraft:cobblestone":1,"minecraft:spruce_leaves":23,"minecraft:netherrack":106},"minecraft:custom":{"minecraft:time_since_rest":56129,"minecraft:walk_one_cm":60026,"minecraft:sprint_one_cm":72949,"minecraft:damage_taken":60,"minecraft:fly_one_cm":226464,"minecraft:open_chest":24,"minecraft:play_one_minute":56129,"minecraft:crouch_one_cm":1470,"minecraft:sneak_time":2164,"minecraft:jump":347,"minecraft:leave_game":9,"minecraft:time_since_death":56129,"minecraft:fall_one_cm":1875},"minecraft:picked_up":{"minecraft:warped_fungus":3,"minecraft:spruce_sapling":1,"minecraft:purple_bed":1,"minecraft:black_concrete":1,"minecraft:warped_roots":50,"minecraft:netherrack":250,"minecraft:cobblestone":1}},"DataVersion":2567}